name,address,road_address,lng,lat,tel,img,washer_cnt,dryer_cnt,id
ũ�����Ǿ� ���ο��� ������������,���� ���α� ���ǵ� 82,���� ���α� ���Ϸ� 246-10,126.9591205,37.57433876,02-3486-0568,None,4,3,13077862
������,���� ���α� ��ŵ� 123,���� ���α� �����20�� 27,127.0039576,37.57481069,0507-1345-0976,https://img1.kakaocdn.net/relay/local/R680x420/?fname=http%3A%2F%2Ft1.daumcdn.net%2Flocal%2FkakaomapPhoto%2Freview%2F198b0cfb3237d169fffc8c3a79864ecbf4c27980%3Foriginal,4,3,1629005464
���ο���24������ â����,���� ���α� â�ŵ� 647-16,���� ���α� â�ű� 47,127.0104553,37.57375793,070-3893-9033,None,5,3,15109141
����Ͽ콺 ������,���� ���α� ���ε� 1375,���� ���α� �����29�� 14,127.0223733,37.574596,1544-4335,None,9,6,643237403
���λ�����,���� ���α� ȿ���� 197-6,���� ���α� ����35���� 7-3,127.0042223,37.57216896,,None,4,4,927668429
���ο���24 ���������� ���հ�����,���� ���α� ����1�� 83-5,���� ���α� ���հ��� 40,126.9969204,37.58637587,02-744-8285,https://img1.kakaocdn.net/relay/local/R680x420/?fname=http%3A%2F%2Ft1.daumcdn.net%2Flocalfiy%2F7CB3452B946E4AF6A655BA55C5A0D659,6,6,27039915
���ο���24 ��ȭ����,���� ���α� ���ڵ� 175,���� ���α� ������8�� 15-2,126.9705673,37.57480708,010-8914-3756,https://img1.kakaocdn.net/relay/local/R680x420/?fname=http%3A%2F%2Ft1.daumcdn.net%2Flocalfiy%2F0C441F8736834EE1BE4369E9DE87C982,6,6,636374922
���������� ������ȭ��,���� ���α� ��ȭ�� 15-29,���� ���α� ��ȭ��6�� 9,127.0004619,37.58742827,,None,8,3,335499479
AMPM����ť ������,���� ���α� ���ϵ� 236,���� ���α� �ʿ��� 30,126.9691054,37.57877829,,https://img1.kakaocdn.net/relay/local/R680x420/?fname=http%3A%2F%2Ft1.kakaocdn.net%2Ffiy_reboot%2Fplace%2FEDB5F32C8F654E70BA692CAC38A1627D,6,3,1731506638
ũ����24 �溹�ÿ���,���� ���α� ������ 73,���� ���α� �����ȷ�3�� 23,126.9724156,37.57247936,010-6668-1140,https://img1.kakaocdn.net/relay/local/R680x420/?fname=http%3A%2F%2Ft1.kakaocdn.net%2Ffiy_reboot%2Fplace%2FBA94A12147E8426D928B0E6551307B3B,5,4,1883173435
���ǵ�24Ŭ����,���� ���α� ���ε� 76,���� ���α� ���� 347,127.0160022,37.57405644,,None,6,4,273529064
���ο���24���������� ������,���� ���α� �ſ��� 247-1,���� ���α� ����� 483,126.9610061,37.60543084,02-391-8285,None,9,3,1798155413
����������24 �溹����,���� ���α� �ʿ 163,���� ���α� �ʿ��� 12,126.9694388,37.5771638,02-733-7778,None,8,4,891240145
ȭ��Ʈ365 ������,���� ���α� ����3�� 1-13,���� ���α� ������ 33-1,126.9951631,37.58861388,,None,9,4,1566072994
�������� ������,���� ���α� ���ϵ� 12-19,���� ���α� �ۿ��� 155,126.9614811,37.57141673,,None,7,6,1690538295
ũ�����Ǿ� ���ο��� �Ŵ�����,���� �߱� �Ŵ絿 373-8,���� �߱� ��ȣ��8�� 5,127.0118332,37.55403679,02-2232-2991,None,10,5,13077579
ȭ��Ʈ365 �Ŵ翪��,���� �߱� ���ε� 13-1,���� �߱� �ٻ��46�� 17,127.0169039,37.56686547,,None,10,3,503114199
ȭ��Ʈ365 �Ŵ���,���� �߱� �Ŵ絿 48-14,���� �߱� ����86�� 100,127.0180232,37.56139535,,None,8,4,40682511
���ÿ����� Ȳ�е���,���� �߱� Ȳ�е� 2545-2,���� �߱� û��õ�� 370,127.0189219,37.57058898,,None,3,3,254347796
ũ�����Ǿ� ���ο��� �߱���������,���� �߱� ���浿2�� 193-115,���� �߱� ��ȣ��25�� 29,127.0013627,37.55898926,02-2272-1616,None,8,3,283413583
��������������,���� �߱� �湫��5�� 90,���� �߱� ���ַ�1�� 11,126.9985173,37.56136969,070-4916-9880,None,10,4,2031880835
24�ü���������,���� �߱� ȸ����1�� 82-11,���� �߱� ����4�� 49,126.9800809,37.55776223,,None,8,3,509238004
���ο���24�û����� ���ο���,���� �߱� ������1�� 231,,126.9674239,37.55611239,02-363-8285,None,6,3,20689776
���������� ���������� �Ŵ��սʸ���,���� �߱� �Ŵ絿 855,,127.0251707,37.56487099,,None,6,4,1977147376
AMPM����ť û�����,���� �߱� Ȳ�е� 1719,���� �߱� �����23�� 27,127.0220279,37.57030372,,None,10,6,1619766497
���������� ���浿������,���� �߱� ���浿2�� 193-86,���� �߱� ��ȣ��25�� 13,127.002207,37.55871714,,None,8,3,1885188698
����������,���� �߱� �Ŵ絿 160-14,���� �߱� ����90�� 5,127.022298,37.56503104,,None,6,6,974045810
���λ�����,���� ���α� ȿ���� 197-6,���� ���α� ����35���� 7-3,127.0042223,37.57216896,,None,6,6,927668429
������,���� ���α� ��ŵ� 123,���� ���α� �����20�� 27,127.0039576,37.57481069,0507-1345-0976,None,6,4,1629005464
���ο���24������ â����,���� ���α� â�ŵ� 647-16,���� ���α� â�ű� 47,127.0104553,37.57375793,070-3893-9033,None,9,4,15109141
ũ�����Ǿ� ���ο���365 ���¿�������,���� ��걸 ������ 274-17,���� ��걸 ���ܷ�2�� 1,126.996882,37.53079516,02-701-4124,None,8,3,297891335
ũ�����Ǿ� ���ο���365 �빮������,���� ��걸 �빮�� 1-90,���� ��걸 ��ȿ��53�� 41,126.9619014,37.5375826,,None,5,4,1298266385
ȭ��Ʈ365 �����Ա�����,���� ��걸 û�ĵ�3�� 109-5,���� ��걸 û�ķ�47�� 37-26,126.9677776,37.5442121,,None,8,3,717156550
ũ�����Ǿ� ���ο���365 ����ع�����,���� ��걸 ��굿2�� 26-7,���� ��걸 �����12�� 5,126.9880316,37.54344734,02-701-4124,None,7,6,27138876
���ÿ����� ��곲����,���� ��걸 ��ȿ��1�� 105-1,���� ��걸 ��ȿ��97�� 21,126.9693017,37.54183747,,None,10,5,266712954
ũ�����Ǿ� ���ο���365 ����2����,���� ��걸 ���̵� 203-52,���� ��걸 ���̷�18�� 21,126.9548435,37.52593557,,None,5,5,1729832791
���ÿ����� �渮�ܱ���,���� ��걸 ���¿��� 212-25,���� ��걸 ȸ������26�� 7,126.9915455,37.53941567,,None,6,6,1670097181
ȭ��Ʈ365 ���¿��ع�����,���� ��걸 ��굿2�� 37-4,���� ��걸 ����� 47,126.9874444,37.54282469,,None,5,5,1693309924
�������� �ľϵ�108�����,���� ��걸 �ľϵ� 415-45,���� ��걸 �����36�� 5-1,126.9820189,37.54645321,,None,9,4,151711725
24�ü����������÷��� �ѳ���,���� ��걸 �ѳ��� 96-3,���� ��걸 ������� 39,127.0069421,37.531523,070-8098-7657,None,5,5,60056234
���������� �ľ���,���� ��걸 �ľϵ� 103-6,���� ��걸 �Ѱ����104�� 77,126.9766924,37.55034099,,None,4,4,149690151
���ο���24������ ������,���� ��걸 ��ȿ��1�� 38-4,���� ��걸 ��ȿ��89�� 12,126.9685485,37.54067318,02-706-3285,None,6,6,20526802
��ȭ��Ʈ���������� ��ȿ����,���� ��걸 ���赿 40-31,���� ��걸 ����� 341,126.9682148,37.53798451,0507-1307-5812,None,4,3,496407749
����Ͽ콺 ���Ʈ����������,���� ��걸 �Ѱ���3�� 65-230,���� ��걸 �Ѱ���� 26,126.9629699,37.52302816,1544-4335,None,10,7,140752145
����Ͽ콺 ���̾ȿ����,���� ��걸 �Ѱ���2�� 408,���� ��걸 �Ѱ���� 95,126.9666303,37.52880828,1544-4335,None,7,3,964164992
ũ�����Ǿ� ���ο��� ���｣��������Ʈ��,���� ������ ������1�� 33-5,���� ������ �Ҽ���5�� 11,127.0506241,37.54110621,02-463-1358,None,8,4,23484610
ũ�����Ǿ� ���ο��� �սʸ�����,���� ������ ��絿 1-95,���� ������ ������9�� 6-6,127.0410445,37.56142203,02-6082-8289,None,6,3,1604877478
ũ�����Ǿ� ���ο��� �սʸ���������,���� ������ �Ͽսʸ��� 1066,���� ������ ���з� 33,127.0271694,37.56753479,02-2298-1999,None,4,4,27157154
ũ�����Ǿ� ���ο���365 �սʸ���Ʈ����,���� ������ ��սʸ��� 816-1,���� ������ �սʸ��� 410,127.0253859,37.56541605,02-2295-3586,None,4,4,190862970
ũ�����Ǿ� ���ο��� �սʸ�ȫ����,���� ������ ȫ�͵� 122-4,���� ������ �սʸ���20�� 41,127.0356046,37.5654999,02-2295-8858,None,4,5,1525869411
ȭ��Ʈ365 ��ٵ���,���� ������ ��ٵ� 204-2,���� ������ ��ٵ��� 61,127.0477266,37.56110958,,None,9,6,132938101
��ȣ����������,���� ������ ��ȣ��4�� 1375,���� ������ ����2�� 19,127.0187578,37.54806768,010-4369-8881,None,10,6,879803828
���ο���24 �Ѿ����,���� ������ ��絿 1-64,���� ������ ������9�� 11,127.0401977,37.56116283,02-2297-8585,None,6,4,8103926
24�ü��������� �����,���� ������ �Ͽսʸ��� 985-9,���� ������ ���к�15���� 7,127.0302784,37.56109732,,None,10,5,1788656521
����Ͽ콺 ������,���� ������ ��絿 286-23,���� ������ ���к�28�� 24,127.0342218,37.56126203,1544-4335,None,3,3,39651202
AMPM����ť ��ʸ���,���� ������ ��䵿 75-8,���� ������ ����߾�11�� 18,127.0523616,37.5662559,,None,6,5,1032920118
���Ǿ� ���Ｚ������,���� ������ ������2�� 565-20,���� ������ ������17�� 3,127.0551973,37.53754701,1544-0419,None,4,3,2041336720
�����Ͽ콺 �սʸ���,���� ������ ��սʸ��� 816,���� ������ �սʸ��� 410,127.0237655,37.56694267,010-7157-8551,None,5,4,1049021258
������ �սʸ���,���� ������ ������ 185-25,���� ������ �սʸ���24�� 21-1,127.0342458,37.56443353,,None,7,6,1660134295
������� ������,���� ������ ������1�� 13-103,���� ������ ����� 58,127.0481998,37.54908287,,None,8,5,358320114
ũ�����Ǿ� ���ο���365 ������ũ������,���� ������ �ھ絿 779-5,���� ������ ������� 355,127.0825649,37.53736887,02-2024-4411,None,5,4,26458704
ȭ��Ʈ365 �Ǵ��Ա�����,���� ������ ȭ�絿 46-3,���� ������ ���Ϸ�24�� 56,127.06811,37.5430652,,None,10,4,395858674
ũ�����Ǿ� ���ο��� �����ھ������,���� ������ �ھ絿 634,���� ������ �ھ��13�� 73-1,127.0808542,37.5332687,02-446-8987,None,10,6,22252317
���ÿ����� �߰�ڿ���,���� ������ �߰ 140-17,���� ������ �븶���1�� 103,127.0830704,37.55652735,010-9097-8005,None,3,3,1231412850
���ÿ����� ȭ����,���� ������ ȭ�絿 132-64,���� ������ �ɵ���17�� 55,127.0702996,37.54675081,,None,5,4,1938604553
ȭ��Ʈ365 ������,���� ������ ���ǵ� 257-40,���� ������ �������53�� 51-10,127.0851901,37.53957085,,None,4,3,768996650
ȭ��Ʈ365 �ھ���,���� ������ �ھ絿 636-21,���� ������ �Ҽ���54�� 10,127.0806393,37.53114428,,None,9,4,963432869
���ÿ����� �Ǵ��ھ���,���� ������ �ھ絿 229-29,���� ������ �������40�� 41,127.0780872,37.53578615,,None,6,5,823351541
���ÿ����� �ھ���,���� ������ �ھ絿 665-19,���� ������ �ھ��3�� 70,127.0829092,37.52949748,,None,10,4,1770274498
�����׸��� ������,���� ������ ���ڵ� 469-10,���� ������ ���� 29,127.076072,37.55679876,1577-8394,None,8,3,372140370
���ÿ����� ������,���� ������ ���ڵ� 117-13,���� ������ ���Ϸ�52�� 21,127.0723576,37.55453419,,None,6,3,1226569884
���ÿ����� ������,���� ������ ���ǵ� 222-39,���� ������ ���Ƿ� 37,127.0897159,37.54124516,,None,10,4,27233698
ȭ��Ʈ365 �߰���,���� ������ �߰ 127-33,���� ������ �븶���5�� 26,127.0864217,37.55764038,,None,8,4,35812106
ũ����24 ȭ����,���� ������ ȭ�絿 37-40,���� ������ �������23�� 67,127.0673435,37.54502712,,None,4,6,1377930139
���ÿ����� �߰���,���� ������ �߰ 98-21,���� ������ �븶���2�� 54,127.0910464,37.55600249,,None,4,4,27244528
ũ�����Ǿ� ���ο��� ��Ƚ�����,���� ���빮�� ��ȵ� 183-16,���� ���빮�� ��ʸ���64�� 103,127.0652445,37.56852901,02-2214-3868,None,4,3,2023562807
ũ�����Ǿ� ���ο��� ��ʸ���,���� ���빮�� ��ʸ��� 1003,���� ���빮�� ��ʸ��� 130,127.0517773,37.5725397,02-2246-4466,None,6,5,1670573064
���ÿ����� �����,���� ���빮�� ��ε� 102-2,���� ���빮�� ���з�34�� 50,127.0335223,37.57638814,,None,7,3,717251843
ȭ��Ʈ365 �������,���� ���빮�� ȸ�⵿ 105-35,���� ���빮�� ȸ��� 134,127.0512785,37.59124815,,None,3,4,848110789
���ÿ����� ������,���� ���빮�� ���� 212-44,���� ���빮�� ����ø����18�� 4,127.0518736,37.58081079,,None,3,4,995887118
ũ�����Ǿ� ���ο���365 ���빮�������ʱ���,���� ���빮�� ���� 4-3,���� ���빮�� ��õ��39�� 27,127.066702,37.5782265,,None,6,6,726447771
���ÿ����� �����,���� ���빮�� ��ȵ� 339-27,���� ���빮�� ���ѷ�18�� 59,127.0723026,37.56786176,010-9920-6195,None,10,3,26551007
ũ�����Ǿ� ���ο��� �̹�2����,���� ���빮�� �̹��� 264-277,���� ���빮�� õ����7�� 40,127.0555592,37.59834242,02-960-7840,None,10,6,2074472615
ȭ��Ʈ365 ���⵿����,���� ���빮�� ��ε� 105-1,���� ���빮�� �ջ��16���� 36,127.0332826,37.57715585,,None,4,4,879945791
���ÿ����� ���������� ��������,���� ���빮�� ��ȵ� 405-9,���� ���빮�� õȣ���79�� 29,127.0631126,37.563854,,None,10,4,202582117
���ÿ����� ���������� û�踮����ġ��,���� ���빮�� ��ε� 255-58,���� ���빮�� û��õ�� 483,127.0306987,37.57026394,0507-1361-5956,None,3,4,1462815360
ũ����24 ���⵿��,���� ���빮�� ���⵿ 252,���� ���빮�� �ջ��23�� 89,127.034775,37.58268392,,None,9,5,867505967
���ÿ����� �̹�����,���� ���빮�� �̹��� 255-192,���� ���빮�� �̹��� 168,127.0622565,37.60148894,,None,10,3,71546885
ũ����24 �����,���� ���빮�� ��ȵ� 373-8,���� ���빮�� ���ѷ�21�� 9,127.0694747,37.56995377,,None,7,6,686821051
ũ�����Ǿ� ���ο���365 �̹��븲��,���� ���빮�� �̹��� 250-1,���� ���빮�� �̹��� 200,127.0625443,37.60433232,02-957-1995,None,4,4,1850519524
ũ�����Ǿ� ���ο��� �߶����Ͻ�����,���� �߶��� ���� 250-13,���� �߶��� �߶����� 142,127.0770735,37.60613291,02-949-3379,None,10,4,1409966691
ũ�����Ǿ� ���ο��� �߶����2����,���� �߶��� ����� 125-19,���� �߶��� ���Ϸ�110�� 13,127.0811081,37.59216485,02-491-5445,None,9,3,297310552
ũ�����Ǿ� ���ο��� ����߾���,���� �߶��� ��� 428-42,���� �߶��� ����56�� 28,127.0898757,37.58391622,02-433-5008,None,7,6,2085261085
���ÿ����� ������,���� �߶��� ���쵿 509-52,���� �߶��� �������57�� 58,127.094874,37.59714248,,None,8,4,1076349845
���ÿ����� �߶��ų���,���� �߶��� �ų��� 648,���� �߶��� �ų��� 225,127.0908446,37.61726654,,None,6,4,2078827250
���ÿ����� ����Ʈ���¸��Ա�����,���� �߶��� ���� 169-12,���� �߶��� ���Ϸ� 952,127.0768746,37.61536637,02-973-2111,None,4,3,1941918116
ȭ��Ʈ365 �簡������,���� �߶��� ��� 341-44,���� �߶��� ����33�� 52,127.0830158,37.5766304,,None,6,3,811434132
���ÿ����� �߶���ȭ��,���� �߶��� ��ȭ�� 282-12,���� �߶��� ���Ϸ�140�� 15,127.0801395,37.60437394,,None,8,6,253259046
���ÿ����� �߶������,���� �߶��� ��� 134-26,���� �߶��� �������20���� 11,127.0814591,37.591069,,None,6,3,1817065007
ȭ��Ʈ365 �¸���,���� �߶��� ���� 396,,127.0826678,37.61715452,,None,8,6,86985335
���ÿ����� ���5����,���� �߶��� ��� 158-35,���� �߶��� ���Ϸ�96���� 13,127.0814074,37.58411338,010-6488-0555,None,9,5,1384241678
ũ����24 �����,���� �߶��� ��� 97-10,���� �߶��� ����78�� 41,127.0894853,37.59064153,,None,8,3,1240471243
ũ����24 �����,���� �߶��� ����� 222-35,���� �߶��� ��ȭ��� 112,127.086732,37.60268082,,None,9,4,906421873
ũ�����Ǿ� ���ο��� �߶��ų�������,���� �߶��� �ų��� 807,���� �߶��� �ų����� 213,127.1065381,37.61984826,02-3423-0723,None,4,5,1842249104
�츮���������� �������� ������,���� �߶��� ���쵿 513-67,���� �߶��� ������� 207,127.0958586,37.59491803,010-9068-7099,None,3,3,508629125
ũ�����Ǿ� ���ο��� ���ſ�����,���� ���ϱ� ������2�� 185,���� ���ϱ� ������30���� 2,127.0203261,37.5894087,02-927-3305,None,8,6,538986592
ũ�����Ǿ� ���ο���365 ���迪��,���� ���ϱ� ������ 130-22,���� ���ϱ� ��õ��80�� 46,127.0643724,37.61264566,010-3173-5313,None,9,6,1217939695
ũ�����Ǿ� ���ο��� �������̾���,���� ���ϱ� ������ 1283-4,���� ���ϱ� ������ 20,127.0230935,37.60474667,02-916-2030,None,9,4,13077427
ũ�����Ǿ� ���ο��� �����ʱ���,���� ���ϱ� ���ҹ���4�� 222,���� ���ϱ� ���ҹ���13�� 21,127.0122877,37.59267501,02-928-0220,None,8,4,265629894
ũ�����Ǿ� ���ο��� ������������,���� ���ϱ� ������ 237-143,���� ���ϱ� �����̷� 171,127.0499772,37.6161773,02-909-8181,None,10,6,469838803
ũ�����Ǿ� ���ο��� �������,���� ���ϱ� ������ 266-108,���� ���ϱ� ��������16�� 34,127.0095273,37.61145551,02-909-0987,None,5,6,969329100
ũ�����Ǿ� ���ο��� ����������þ��,���� ���ϱ� ������ 317,���� ���ϱ� �����36�� 27,127.0479759,37.61985146,02-910-8877,None,4,4,1857000391
���ÿ����� ����������,���� ���ϱ� ���ϵ� 45-67,���� ���ϱ� ���Ϸ�13�� 4-13,127.0346956,37.59704036,,None,10,4,1950470960
ũ�����Ǿ� ���ο���365 �������ϵ���,���� ���ϱ� ���ϵ� 3-377,���� ���ϱ� ����� 58,127.0394654,37.59749116,,None,4,4,154226452
ȭ��Ʈ365 �Ⱦ���,���� ���ϱ� �Ⱦϵ�5�� 103-233,���� ���ϱ� �������26�� 1,127.0300349,37.58610539,,None,6,3,1962814727
ũ����24 ���ҹ���,���� ���ϱ� ���ҹ���7�� 76-1,���� ���ϱ� �Ƹ�����5�� 39,127.0130414,37.5968303,,None,10,3,20238999
ũ����24 ����������,���� ���ϱ� ���� 71-7,���� ���ϱ� �����1�� 74-12,127.043832,37.60550843,010-3834-3440,None,9,5,1981421863
ũ����24 ������,���� ���ϱ� ������ 258-41,���� ���ϱ� �ֻ���24�� 57,127.0098266,37.61375841,,None,7,5,27245009
ũ����24 ���ϰ�����,���� ���ϱ� ���ϵ� 34-3,���� ���ϱ� ���Ϸ�5�� 36,127.0338563,37.59410517,,None,4,5,642060552
ȭ��Ʈ365 ����������,���� ���ϱ� ���� 64-2,���� ���ϱ� �����1�� 68,127.0445354,37.60574873,,None,5,6,1909473650
ũ�����Ǿ� ���ο���365 ����1���ֹμ�����,���� ���ϱ� ������ 605-646,���� ���ϱ� ����77�� 20,127.0169794,37.63000421,02-982-3989,None,8,4,684097200
ũ�����Ǿ� ���ο��� �̾ƿ���,���� ���ϱ� �̾Ƶ� 217-15,���� ���ϱ� ������65�� 13,127.0239078,37.62970028,02-6449-0042,None,8,5,483429408
ũ�����Ǿ� ���ο��� ���ϱ�û��,���� ���ϱ� ������ 192-10,���� ���ϱ� ��õ��139���� 11,127.0248264,37.63935865,02-903-8333,None,5,4,799865932
ũ�����Ǿ� ���ο���365 ����3����,���� ���ϱ� ������ 23-43,���� ���ϱ� ���ط�11�� 31,127.0208834,37.63881522,,None,9,6,1578150419
ȭ��Ʈ365 �̾���,���� ���ϱ� �̾Ƶ� 305-41,���� ���ϱ� �ָŷ�44�� 27,127.0249665,37.6246293,,None,5,5,165461492
ũ�����Ǿ� ���ο���365 ���Ϲ̾��ظ�����,���� ���ϱ� �̾Ƶ� 1369,���� ���ϱ� ������ 45,127.0347932,37.6170423,,None,7,4,1640426604
ũ����24 �̾ƴ�Ÿ����,���� ���ϱ� �̾Ƶ� 811-9,���� ���ϱ� ����27�� 43,127.0188706,37.61850012,,None,5,4,1248963301
ũ�����Ǿ� ���ο��� ��������,���� ���ϱ� ������ 169-5,���� ���ϱ� ������97�� 26,127.0281404,37.64231674,02-6448-3536,None,5,5,26808805
ũ�����Ǿ� ���ο��� ����������,���� ���ϱ� ������ 208-80,���� ���ϱ� ����112�� 29,127.0178796,37.64276022,02-990-0571,None,5,3,17722266
���ÿ����� ��������,���� ���ϱ� ���� 445-50,���� ���ϱ� ���л��77�� 13-1,127.0259449,37.63682844,,None,9,3,1279593853
���ÿ����� ���ϼ�����,���� ���ϱ� ������ 285-6,���� ���ϱ� ���� 485,127.0149095,37.64639881,,None,4,3,1808277583
ȭ��Ʈ365 ȭ�迪��,���� ���ϱ� ������ 472-112,���� ���ϱ� ����85�� 46,127.0153622,37.63259747,,None,9,4,1731632658
ȭ��Ʈ365 ����������,���� ���ϱ� �̾Ƶ� 237-15,���� ���ϱ� ����74�� 76,127.0221271,37.6301412,010-7528-3115,None,8,4,741680367
ũ�����Ǿ� ���ο��� ���Ͽ��̽�����,���� ���ϱ� ������ 254-4,���� ���ϱ� ��õ��160�� 9,127.0202552,37.64533485,02-999-3305,None,4,5,304996218
ũ����24 ������Ÿ����,���� ���ϱ� �̾Ƶ� 1261-353,���� ���ϱ� ���η� 9,127.0230957,37.61174916,,None,4,3,2096220363
ũ�����Ǿ� ���ο��� �ֹ��߾���,���� ������ â�� 658-2,���� ������ ������110���� 62,127.0358754,37.64865036,02-999-8289,None,9,5,997800363
ũ�����Ǿ� ���ο��� �ֹ�2����,���� ������ �ֹ��� 569,���� ������ ���з�3�� 123,127.0384501,37.6577783,02-905-0127,None,7,4,1350783081
ȭ��Ʈ365 ������,���� ������ ������ 62-43,���� ������ ������180�� 28,127.0473552,37.68241507,,None,8,5,1281998826
ũ�����Ǿ� ���ο��� ����1����,���� ������ ���е� 703,���� ������ ���з�2�� 82,127.0410434,37.6665674,02-954-8858,None,9,6,1991042351
ũ�����Ǿ� ���ο���365 ��â�ʱ���,���� ������ â�� 537-15,���� ������ ����õ��12�� 29,127.0397385,37.63630492,,None,6,3,1224911369
ũ�����Ǿ� ���ο���365 ����������,���� ������ �ֹ��� 492-23,���� ������ ����õ�� 481-1,127.0154985,37.65607529,02-990-0707,None,10,3,322144238
ȭ��Ʈ365 â����,���� ������ â�� 623-6,���� ������ ������106�� 71,127.0366578,37.64500294,,None,3,4,2023209908
ũ�����Ǿ� ���ο��� �����ʱ���,���� ������ ���е� 304-30,���� ������ �����9�� 46,127.0320153,37.66296628,02-3492-3232,None,4,3,1474058251
ũ�����Ǿ� ���ο��� �ֹ���,���� ������ �ֹ��� 306-9,���� ������ ���ط�41�� 22,127.0262169,37.64975931,02-902-8285,None,3,4,19748221
ũ�����Ǿ� ���ο���365 ������ȭ�ʱ���,���� ������ â�� 504-16,���� ������ ����õ��4��� 37,127.0423252,37.63249177,,None,5,6,1797509274
���ÿ����� �ֹ���,���� ������ �ֹ��� 349-29,���� ������ ����õ�� 346-9,127.0256814,37.64789259,,None,3,3,1224778199
ũ�����Ǿ� ���ο��� ������,���� ������ ���е� 263-75,���� ������ ����� 36,127.0351245,37.66139048,02-954-0826,None,8,4,19243865
���ÿ����� ����������,���� ������ ���е� 687,���� ������ ������145�� 55,127.0393909,37.66452995,,None,7,4,868560383
ũ�����Ǿ� ���ο��� ���е������������,���� ������ ���е� 634-34,���� ������ �����15�� 27,127.0359657,37.66658708,02-955-3329,None,8,3,1515354095
�����帮 �ֹ���,���� ������ �ֹ��� 143-7,���� ������ ���ط� 234,127.0341179,37.6510475,010-9541-9555,None,7,5,433967485
ũ�����Ǿ� ���ο���365 ����������,���� ����� �ϰ赿 162,���� ����� ������58�� 79,127.072903,37.63563749,,None,4,5,2091072251
ũ�����Ǿ� ���ο��� ����2����,���� ����� ������ 408-125,���� ����� ������43�� 18,127.0785169,37.62611588,02-971-2210,None,7,3,470978778
ũ�����Ǿ� ���ο��� �¸��Ա�����,���� ����� ������ 584-23,���� ����� ���Ϸ�178�� 29-3,127.0761752,37.62148273,02-948-0011,None,8,3,25701108
ũ����24 ����߰���,���� ����� �߰赿 503,���� ����� ���Ϸ�207�� 23,127.0632293,37.64297168,,None,3,3,1716129444
�����帮 ����߰���,���� ����� �߰赿 93-18,���� ����� �߰��14�� 41,127.0824767,37.65027038,010-9844-9757,None,7,5,1939270092
���ÿ����� ��������,���� ����� ��赿 184-20,���� ����� �����28�� 67,127.0707504,37.65480092,,None,3,3,1371643936
ũ�����Ǿ� ���ο��� ���7������,���� ����� ��赿 581-51,���� ����� ����1�� 62-40,127.0623225,37.65883487,02-939-2202,None,10,3,442307959
ũ�����Ǿ� ���ο���365 ����δ�����,���� ����� ���赿 274-50,���� ����� �ʾȻ��2��� 23,127.0578133,37.63137518,010-4785-8422,None,5,6,1408878273
ũ����24 �����,���� ����� ��赿 140-226,���� ����� �ѱۺ񼮷�24�� 77,127.0738915,37.6637079,,None,6,3,1177398710
ũ�����Ǿ� ���ο��� ������,���� ����� ��赿 649,���� ����� ���Ϸ� 1538,127.0578256,37.66623602,02-930-1688,None,10,5,13077326
ũ�����Ǿ� ���ο��� ������Ǫ��������,���� ����� ��赿 140-147,���� ����� ������� 17-1,127.0739331,37.66452957,02-3391-8200,None,5,4,1412490676
ũ�����Ǿ� ���ο��� �����ĸ�����,���� ����� ��赿 1267,���� ����� ���Ϸ� 1700,127.0557609,37.68033554,02-931-8284,None,10,5,13077263
ȭ��Ʈ365 �����,���� ����� ��赿 177-79,���� ����� ����12�� 18,127.0685903,37.65704024,,None,5,4,1949585656
ũ�����Ǿ� ���ο��� ����ʱ���,���� ����� ��赿 1019-22,���� ����� ���Ϸ�232�� 11,127.0565147,37.67279849,02-956-8284,None,10,5,1658002405
ũ�����Ǿ� ���ο���365 ����ְ�11������,���� ����� ��赿 652-1,���� ����� ���Ϸ�227�� 43,127.0545404,37.66694035,,None,6,5,13077264
ũ�����Ǿ� ���ο��� ������,���� ���� ���ϵ� 124-29,���� ���� ���Ϸ�21���� 12,126.9173989,37.59477669,02-382-7777,None,10,3,22482933
ȭ��Ʈ365 ��������,���� ���� ������ 419-8,���� ���� ������ 326,126.9180989,37.62554055,,None,7,6,2032764045
ȭ��Ʈ365 ��������,���� ���� ���̵� 24-23,���� ���� �����1�� 48,126.9184706,37.60461265,,None,10,6,2058100520
ũ�����Ǿ� ���ο��� �����������Ѽ���ĳ����,���� ���� ���ϵ� 53-11,���� ���� ����� 220,126.9316424,37.5997908,02-353-8777,None,4,3,1128285378
���ÿ����� ����Ż���,���� ���� �Ż絿 15-3,���� ���� ������1�� 6-3,126.9094623,37.5995317,,None,3,5,1652010844
ũ����24 ���򱸻���,���� ���� ���굿 27-41,���� ���� ������15�� 8,126.9098103,37.60769854,,None,3,6,20806914
�����帮 ������,���� ���� ���ϵ� 104-42,���� ���� ���Ϸ� 294,126.9206207,37.59767649,02-305-4114,None,4,3,253959698
ũ�����Ǿ� ���ο��� �����Ե�ĳ����,���� ���� ������ 331-11,,126.8922858,37.58397697,02-373-6489,None,5,6,1373063405
���ÿ����� ����������,���� ���� ���ϵ� 335-26,���� ���� ���Ϸ�14�� 19-1,126.9195147,37.58994163,,None,5,5,1687760042
ũ����24 ���Ͽ���,���� ���� ���ϵ� 111-61,���� ���� ����� 88,126.917694,37.59927735,,None,4,3,78829576
���ÿ����� ������,���� ���� ���̵� 63-7,���� ���� ������3���� 14,126.9148661,37.60350729,,None,4,6,27404695
ũ����24 ����������,���� ���� ���̵� 83-17,���� ���� ������ 31,126.9156334,37.60199058,,None,4,4,17382430
ũ����24 ������,���� ���� ������ 34-9,���� ���� ����4�� 17,126.9215996,37.64464742,,None,9,5,1651544536
ũ�����Ǿ� ���ο��� ����������,���� ���� ������ 513-10,���� ���� ������25�� 15-9,126.9128854,37.61708375,010-5023-7828,None,6,5,184705807
ũ�����Ǿ� ���ο���365 ���򼺸𺴿���,���� ���� ������ 93-11,���� ���� ���Ϸ� 1021,126.9161505,37.63360841,010-5326-3889,None,9,4,38688338
ȭ��Ʈ365 ������,���� ���빮�� âõ�� 5-78,���� ���빮�� ������4�� 54,126.9394816,37.55828539,,None,5,4,1641785881
ũ�����Ǿ� ���ο���365 �����·��̾�1����,���� ���빮�� �ϰ��µ� 286-18,���� ���빮�� ������ 201,126.9159978,37.58000303,070-4226-0022,None,6,5,2058255120
ũ�����Ǿ� ���ο��� ������������,���� ���빮�� �����µ� 190-60,���� ���빮�� ������ 69,126.9208248,37.57601316,02-6052-8787,None,10,3,569902426
ũ�����Ǿ� ���ο���365 �Ե�����ȫ����,���� ���빮�� ȫ���� 469,���� ���빮�� ���Ϸ� 397,126.9473988,37.58516767,,None,4,4,1408008307
���þ����� ������,���� ���빮�� ���� 121-16,���� ���빮�� ������ 23,126.9305385,37.57027093,,None,10,3,1865675162
ȭ��Ʈ365 ��������,���� ���빮�� �����µ� 325-60,���� ���빮�� ������10�� 60-22,126.9253091,37.57914433,,None,9,3,104451671
ũ�����Ǿ� ���ο��� �Ͼ��������Ѽ��������,���� ���빮�� �Ͼ����� 220-2,���� ���빮�� ���̷�29�� 26,126.9529592,37.55767525,02-393-8233,None,8,5,1573692676
ũ�����Ǿ� ���ο��� ��������ũ��������,���� ���빮�� �����µ� 384,���� ���빮�� �����̷��� 2,126.9168203,37.57442556,02-373-3302,None,10,3,915549254
ȭ��Ʈ365 ���빮����,���� ���빮�� ��õ�� 261-2,���� ���빮�� ��������14�� 3,126.9638843,37.56687737,,None,3,5,40677878
���ÿ����� ȫ�뿪��,���� ���빮�� âõ�� 510-14,���� ���빮�� ���̷�1�� 15,126.9284212,37.55906488,,None,7,3,1211386820
�����帮 DMC��,���� ���빮�� �����µ� 387,���� ���빮�� �𷡳��� 151,126.9178339,37.56990237,02-302-8272,None,3,4,764497165
ũ����24 �ϰ�����,���� ���빮�� �ϰ��µ� 335-19,���� ���빮�� ���Ϸ� 143-12,126.9144071,37.58506547,,None,7,3,602334219
�����ƿ��ü��������� ȫ����,���� ���빮�� ȫ���� 266-66,���� ���빮�� ������9�� 15,126.9462618,37.59182549,010-2222-8249,None,3,4,1381189136
���ο��� 24������ ��������,���� ���빮�� ȫ���� 421-15,���� ���빮�� ������� 28,126.9248175,37.58162355,02-308-5989,None,8,5,10821332
����Ͽ콺 �̴�1ȣ��,���� ���빮�� ������ 37-32,���� ���빮�� ��ȭ����5�� 35,126.9438956,37.55821279,1544-4335,None,8,5,590491213
ũ�����Ǿ� ���ο��� ��������������,���� ������ ������ 173-3,���� ������ ������42�� 7,126.9462242,37.54340056,02-715-8484,None,3,3,13077404
ũ�����Ǿ� ���ο���365 ���￪��,���� ������ ���ﵿ 330-2,���� ������ ������38�� 22,126.9410082,37.5455857,02-704-8430,None,3,5,201546626
ũ�����Ǿ� ���ο��� ������û����,���� ������ ���굿 261-28,���� ������ ���̻��1�� 66,126.9068654,37.56070047,02-333-2700,None,4,5,1842168274
ũ�����Ǿ� ���ο��� �����Ѱܷ���,���� ������ ������ 11-180,���� ������ ȿâ��� 23,126.9606785,37.54789684,02-714-0205,None,7,4,1182028695
���ÿ����� ����������,���� ������ ������ 562-23,���� ������ ������5�� 43,126.9199125,37.56105962,010-8203-2489,None,4,5,1906545678
ũ�����Ǿ� ���ο��� ���������ʱ���,���� ������ ������ 326-24,���� ������ ���̷�34�� 29,126.9548073,37.55590641,02-364-1272,None,6,4,1284590955
���ÿ����� �����밭��,���� ������ �밭�� 494-94,���� ������ �����4�� 17,126.9382409,37.54221455,,None,6,5,1953990500
ȭ��Ʈ365 ȫ���Ա���,���� ������ ������ 158-6,���� ������ �����źϷ�2�� 37,126.9227305,37.55693944,,None,10,4,1122286299
ũ�����Ǿ� ���ο��� �������Ǽ���,���� ������ ���굿 590-2,���� ������ �����ŷ�36�� 18,126.9033518,37.5662667,02-6953-1479,None,8,6,935573414
ũ�����Ǿ� ���ο��� ����������,���� ������ ������ 469-28,���� ������ �����ŷ�14�� 61,126.9137331,37.55685302,02-325-8272,None,4,4,17932193
���ÿ����� ����������,���� ������ ������ 384-45,���� ������ ������ 55,126.908382,37.5533315,,None,7,3,1560458940
ũ�����Ǿ� ���ο��� ��������,���� ������ ������ 370-26,���� ������ ������ 49,126.9130661,37.54650547,02-336-1998,None,3,6,1466693963
ũ�����Ǿ� ���ο��� ���DMC��,���� ������ ��ϵ� 41-16,���� ������ �����źϷ� 350,126.8933421,37.57682405,02-6404-8289,None,10,4,12578975
ũ�����Ǿ� ���ο��� ���������,���� ������ ������ 517,���� ������ �����ŷ�25�� 26,126.9064739,37.55877202,02-333-1163,None,10,5,17722197
ũ�����Ǿ� ���ο��� �����ֿ�������,���� ������ ������ 733,���� ������ ������� 208,126.956851,37.55251222,02-363-8432,None,8,5,579830052
���ÿ����� ���񱳿���,���� ��õ�� �� 405-33,���� ��õ�� �����54�� 14,126.8730286,37.52342162,,None,8,3,53899485
ũ�����Ǿ� ���ο��� ��2���ֹμ�����,���� ��õ�� �� 555-2,���� ��õ�� ���߾Ӻ��� 88-1,126.8703965,37.54351468,02-2644-8579,None,8,5,16907243
ũ����24 ����,���� ��õ�� ������ 888-8,���� ��õ�� �����߾ӷ�21�� 10,126.8622389,37.52703516,010-7929-3378,None,5,5,459255760
ũ�����Ǿ� ���ο���365 �����븲��ũ�κ���,���� ��õ�� ������ 324-8,���� ��õ�� �񵿼��� 397,126.8601062,37.51560074,,None,10,4,1286012765
���ÿ����� �����װŸ���,���� ��õ�� ������ 969-18,���� ��õ�� �߾ӷ�46�� 7,126.8529581,37.52220181,,None,3,3,539509679
ȭ��Ʈ365 �ſ���,���� ��õ�� �ſ��� 575-18,���� ��õ�� ���μ�ȯ��79�� 41,126.8435631,37.51847761,,None,8,6,970655130
ũ�����Ǿ� ���ο��� �񵿰���������,���� ��õ�� �� 772-4,���� ��õ�� ���߾ӳ��� 7,126.8691121,37.53512315,02-2649-1992,None,6,6,26314344
ũ�����Ǿ� ���ο��� ������,���� ��õ�� �� 725-5,���� ��õ�� ���߾ӳ���9�� 32,126.8646761,37.53806262,02-2652-3377,None,3,6,1857463883
ũ�����Ǿ� ���ο��� ��3���ֹμ�����,���� ��õ�� �� 646-12,���� ��õ�� ���߾ӺϷ�8�� 64,126.8649607,37.54583307,02-2646-6959,None,4,3,1907732746
�����׸��� �ſ���,���� ��õ�� �ſ��� 19-3,���� ��õ�� ������50�� 18-1,126.8321315,37.54165727,,None,5,3,1662911906
ũ�����Ǿ� ���ο��� �ſ�4��,���� ��õ�� �ſ��� 513-5,���� ��õ�� ������ 14,126.843856,37.52123506,02-2695-1427,None,8,5,17722333
ũ�����Ǿ� ���ο��� �񵿽�����,���� ��õ�� �� 718-2,���� ��õ�� ���߾ӳ��� 72,126.8657543,37.54001722,02-2653-3191,None,10,5,19108427
�����׸��� ����,���� ��õ�� �� 751-3,���� ��õ�� ���߾Ӻ��� 24,126.8703817,37.53894479,,None,4,6,59773261
�����׸��� ������,���� ��õ�� ������ 1050-5,���� ��õ�� �߾ӷ�36�� 8,126.8548008,37.5193353,,None,10,5,1057191091
�����帮 ��õ������,���� ��õ�� ������ 129-14,���� ��õ�� �Ÿ��2�� 7-10,126.8751387,37.51847376,010-5189-8285,None,4,6,1743766723
ũ�����Ǿ� ���ο��� ���������ֹμ�����,���� ������ ���̵� 641-12,���� ������ ��õ��60�� 60,126.8576356,37.55617522,02-3661-4194,None,9,6,26792112
ũ����24 ������,���� ������ ��� 784-9,���� ������ ������ 433,126.8396595,37.56439809,010-2711-1112,None,10,3,2128329509
ũ�����Ǿ� ���ο��� ȭ�����,���� ������ ȭ� 98-101,���� ������ ��ġ���4�� 36,126.8450047,37.54120275,02-2692-7158,None,6,6,16797029
ũ�����Ǿ� ���ο��� ȭ���ʷϸ�����,���� ������ ȭ� 332-12,���� ������ �ʷϸ����� 157,126.8472813,37.5362304,02-6053-3119,None,7,6,1361580454
ũ�����Ǿ� ���ο��� ����翪��,���� ������ ��� 282-1,���� ������ �����߾ӷ� 161-1,126.8274545,37.56786593,02-2063-3878,None,9,4,152731246
ũ�����Ǿ� ���ο��� ������������,���� ������ ���׵� 53-62,���� ������ ���״��4�� 23,126.8106492,37.56010594,02-2663-0380,None,9,4,1593198555
ũ�����Ǿ� ���ο��� ��������6������,���� ������ ��� 743,���� ������ ���1�� 100,126.8196222,37.56575311,02-2663-8610,None,8,4,25403888
���ÿ����� ��ġ�꿪��,���� ������ ȭ� 915-1,���� ������ ������7�� 65,126.8441606,37.52921834,,None,7,3,1902187654
ũ�����Ǿ� ���ο��� ��ȭ�ž���,���� ������ ��ȭ�� 553-30,���� ������ ��õ��14�� 52,126.8094175,37.57089797,02-2661-7882,None,6,6,16536063
���ÿ����� ȭ����,���� ������ ȭ� 1049-5,���� ������ ȭ���25�� 35,126.8378683,37.54271405,,None,5,6,25599205
ũ�����Ǿ� ���ο���365 �������ξ���Ʈ��,���� ������ ���̵� 663-3,���� ������ ȭ���63�� 133,126.8455929,37.55881622,02-577-7871,None,7,4,1914758783
ũ�����Ǿ� ���ο��� ȭ��6����,���� ������ ȭ� 975-31,���� ������ ȭ���50�� 16,126.8486723,37.54940299,02-2695-3989,None,3,6,23737481
ũ�����Ǿ� ���ο��� �������������,���� ������ ��� 727-1229,���� ������ ������ 439,126.8398988,37.56468043,02-3663-9696,None,7,5,221210622
ũ�����Ǿ� ���ο��� �����,���� ������ ��� 727-1084,���� ������ �����߾�6�� 10,126.8282097,37.56038517,02-3664-0802,None,4,3,142500798
���ÿ����� ���̿���,���� ������ ���̵� 646-39,���� ������ ���״��57�� 27,126.8631242,37.55269665,,None,9,5,978306890
ũ�����Ǿ� ���ο��� ����5����,���� ���α� ���ε� 106-10,���� ���α� �������27�� 24,126.8916405,37.49795617,02-855-7111,None,8,4,27386297
�����׸��� ��������,���� ���α� ���ε� 797-47,���� ���α� �����з�27�� 86,126.8894439,37.48444984,,None,3,6,1224327678
ȭ��Ʈ365 ��������,���� ���α� ������ 81-271,���� ���α� ���η�15���� 8,126.8381845,37.49586597,,None,3,5,1946575741
ȭ��Ʈ365 �ŵ�����,���� ���α� ���ε� 40-11,���� ���α� ������8�� 25,126.8907007,37.50342621,,None,3,3,483558888
ũ�����Ǿ� ���ο��� �����׵��Ѿ��������,���� ���α� �׵� 158-1,���� ���α� �׵��� 42,126.8245742,37.47780028,02-2066-9272,None,5,6,1296459361
ũ�����Ǿ� ���ο���365 ������Ÿ���,���� ���α� ������ 6-63,���� ���α� ��ô�� 5,126.8405448,37.49522406,010-2431-1203,None,5,6,1372832304
�����׸��� ������,���� ���α� ���ε� 111,���� ���α� ������7�� 29,126.8877054,37.50155021,1577-8394,None,9,3,1035906918
ũ�����Ǿ� ���ο��� ������������Ʈ��,���� ���α� ������ 357-18,,126.8534037,37.48637842,02-2685-4500,None,8,5,2006976381
�����׸��� ������,���� ���α� ������ 306-29,���� ���α� ������17��� 49,126.8534528,37.49367663,,None,9,4,1817233824
�����帮 �ŵ�����,���� ���α� �ŵ����� 398-2,���� ���α� �ŵ����� 20,126.8785753,37.50651923,010-8876-6482,None,8,3,1660651315
���ÿ����� ���ΰ�����,���� ���α� ������ 109-17,���� ���α� ��ô��27�� 83,126.8457299,37.50552763,,None,4,3,60069552
ũ����24 ������,���� ���α� ���ε� 792-26,���� ���α� �����з�27��� 39-2,126.8890339,37.48646411,,None,7,3,1243011276
ȭ��Ʈ365 ������,���� ���α� ������ 328-16,���� ���α� ������15�� 10,126.855459,37.49004985,,None,4,4,133061226
�����帮,���� ���α� ������ 64-28,���� ���α� ���η�20���� 68,126.846646,37.49558533,010-4861-9807,None,5,4,2071857119
ũ����24 ����������,���� ���α� ������ 64-28,���� ���α� ���η�20���� 68,126.846646,37.49558533,,None,9,5,52613620
ũ�����Ǿ� ���ο��� ���굿�ֹμ�����,���� ��õ�� ���굿 143-20,���� ��õ�� �����з�12�� 37,126.8903002,37.47721734,070-8873-1717,None,8,3,1990897043
ũ�����Ǿ� ���ο��� ��õ�Ե�ĳ����,���� ��õ�� ���굿 1156,���� ��õ�� ������ 315,126.896311,37.46109558,02-807-8585,None,10,6,883506073
ũ�����Ǿ� ���ο���365 ����������,���� ��õ�� ���굿 1016-22,���� ��õ�� �����73�� 32,126.9000059,37.46797078,010-2057-3843,None,9,5,1278635710
���ÿ����� ������,���� ��õ�� ���굿 148-12,���� ��õ�� ������145�� 19,126.8954877,37.4736144,,None,10,5,1106498584
ũ����24 ������,���� ��õ�� ���굿 143-12,���� ��õ�� ������ 487,126.8983318,37.47708396,,None,3,6,1307363748
ũ�����Ǿ� ���ο���365 ��������������Ʈ��,���� ��õ�� ���ﵿ 985-13,���� ��õ�� ������39�� 11,126.9025495,37.44693607,,None,10,4,1069110883
���뼿��ũ����,���� ��õ�� ���ﵿ 842-10,���� ��õ�� ����� 89,126.9056987,37.45529282,02-804-0255,None,6,5,11665645
����ũ���� ���ο��� ������,���� ��õ�� ���굿 302-21,���� ��õ�� �����3�� 65,126.8918812,37.47216954,,None,7,5,51286334
�ູ����������,���� ��õ�� ���ﵿ 819-2,���� ��õ�� ����� 96,126.9058924,37.45591287,,None,3,3,966519972
24�� ����������,���� ��õ�� ���굿 900-16,���� ��õ�� �����108�� 63,126.9074948,37.47992427,,None,6,5,1517362928
��������,���� ��õ�� ���ﵿ 220-73,���� ��õ�� ž��� 17,126.9109177,37.45185319,,None,3,3,2014107794
�������� ��õ���ﵿ��,���� ��õ�� ���ﵿ 987,���� ��õ�� ������ 179,126.9018314,37.44991242,,None,7,6,1972199800
����B,���� ��õ�� ���굿 953,���� ��õ�� ������152�� 11-43,126.9005493,37.47841754,,None,7,4,458355165
���þ��ڸ���,���� ��õ�� ���굿 543-1,���� ��õ�� ���λ��� 606,126.8770095,37.47995413,02-867-2657,None,8,4,1625634348
ũ���׾� ���굿��,���� ��õ�� ���굿 1140,���� ��õ�� ���ȷ� 1136,126.8885226,37.46529351,02-868-0204,None,8,5,1179899309
ũ�����Ǿ� ���ο��� ��굿4����,���� �������� ��굿4�� 32-35,���� �������� ����38�� 5,126.8989854,37.52908695,02-2677-7279,None,8,5,499745050
ũ�����Ǿ� ���ο��� ��������ũ��Ÿ����,���� �������� ��������7�� 204,���� �������� ��ȸ���54�� 10,126.9062562,37.52389686,02-6409-9912,None,8,3,954904719
ũ�����Ǿ� ���ο��� ������û����,���� �������� ��������6�� 131-2,���� �������� ���ŷ�44�� 8,126.9024065,37.52216292,02-3667-8808,None,5,4,26438899
ũ�����Ǿ� ���ο��� ������������,���� �������� ����3�� 17-1,���� �������� ����7�� 3,126.8871749,37.52565245,02-3667-8100,None,8,5,1237861634
ũ�����Ǿ� ���ο��� ������8����,���� �������� ��������8�� 42-1,���� �������� ���ŷ� 228-6,126.9040559,37.52736125,02-2636-8582,None,5,6,1912525219
ũ�����Ǿ� ���ο��� �������ű溸���SK����,���� �������� �ű浿 522,,126.9183793,37.50151682,,None,9,6,1372902081
ũ�����Ǿ� ���ο��� �ű漾Ʈ��������,���� �������� �ű浿 337-214,���� �������� �ű��29�� 17,126.9071395,37.50209777,02-848-2266,None,4,4,1731905749
ũ�����Ǿ� ���ο��� ��������,���� �������� ��굿3�� 558-3,���� �������� ������1�� 50,126.8932294,37.52652394,02-2637-7156,None,4,4,24061191
���ÿ����� ���ε����д�����,���� �������� �븲�� 1126,���� �������� ������ 595,126.903453,37.48608032,,None,5,5,1053815257
ũ�����Ǿ� ���ο��� GS�ű���������,���� �������� �ű浿 3632-2,���� �������� �ű�� 74,126.9088543,37.49909876,02-833-5511,None,8,3,1064868546
ȭ��Ʈ365 ��������û����,���� �������� ��굿1�� 185-26,���� �������� ��������25�� 18,126.8984376,37.52254881,,None,7,6,130529355
ũ�����Ǿ� ���ο��� ���Ｚ��,���� �������� ��굿 121-41,���� �������� ���峪���22�� 5,126.9076085,37.53085997,02-2068-2776,None,6,3,15848978
ȭ��Ʈ365 ����������,���� �������� ����4�� 123,���� �������� �����20�� 3,126.8954414,37.53760552,,None,4,6,777596858
�����׸��� �븲��,���� �������� �븲�� 975-39,���� �������� �븲��8�� 8,126.905234,37.49037417,,None,3,3,1230355911
�����帮 �ű���,���� �������� ��������1�� 31,���� �������� ���η�112�� 13,126.9143976,37.51809608,010-5005-7345,None,6,5,149341955
ũ�����Ǿ� ���ο��� ���ۿ�ü����,���� ���۱� �Ŵ�浿 364-75,���� ���۱� ���Ǵ���22�ٱ� 2,126.9229884,37.49759153,02-6671-1140,None,6,6,21610964
ũ�����Ǿ� ���ο��� ���Ǵ뿪��,���� ���۱� �󵵵� 493-5,���� ���۱� �󵵷�62�� 13,126.9538083,37.49489647,02-816-1566,None,5,4,24266477
ũ�����Ǿ� ���ο��� ���μ���,���� ���۱� ��絿 120-1,���� ���۱� ���۴��29�� 69,126.9781092,37.48845316,02-536-3350,None,5,3,413284248
ũ�����Ǿ� ���ο���365 �󵵽���Ʈ��,���� ���۱� �󵵵� 351-5,���� ���۱� �󵵷�15�� 23,126.9333862,37.50193529,010-3306-4947,None,8,3,1508499758
ũ�����Ǿ� ���ο��� ��翪��,���� ���۱� ��絿 1037-11,���� ���۱� ����26�� 130-3,126.9780399,37.47795099,02-522-3545,None,6,6,16936882
ȭ��Ʈ365 �̼�����,���� ���۱� ��絿 1015-21,���� ���۱� ���۴��15�� 65,126.9780477,37.48229385,,None,9,6,1602633395
���ÿ����� �󵵿���,���� ���۱� ��1�� 434-2,���� ���۱� �󵵷�41�� 38,126.9512162,37.5023026,,None,9,6,275621484
���ÿ����� ����,���� ���۱� �󵵵� 289-23,���� ���۱� �����1�� 137,126.9328827,37.49596854,,None,9,5,1746602283
ũ�����Ǿ� ���ο��� �̼��ص���,���� ���۱� ��絿 105,���� ���۱� ���۴��29�� 119,126.97425,37.49195189,02-592-3346,None,7,4,17722592
�����帮 �뷮����,���� ���۱� �뷮���� 323,���� ���۱� �����8�� 50,126.9465736,37.51032314,02-812-7338,None,3,6,18959674
ȭ��Ʈ365 �Ŵ���Ÿ�����,���� ���۱� �󵵵� 299-58,���� ���۱� ������� 74,126.9306566,37.49658354,,None,8,4,438868701
ũ����24 �����,���� ���۱� ��浿 387-1,���� ���۱� ��浿15���� 23,126.9234932,37.5039061,,None,10,6,894369114
ũ����24 ���������,���� ���۱� �󵵵� 250-16,���� ���۱� �����5�� 2,126.9332415,37.499425,,None,9,4,27404020
ũ����24 �����,���� ���۱� ��絿 269-15,���� ���۱� ����16���� 49,126.9707524,37.48363658,,None,3,3,27245955
���ÿ����� �Ż���,���� ���۱� �󵵵� 210-203,���� ���۱� ����25�� 9,126.9432665,37.49825173,,None,6,4,505288525
ũ�����Ǿ� ���ο��� �Ÿ���ȭ�ǰŸ���,���� ���Ǳ� �Ÿ��� 1457-19,���� ���Ǳ� �Ÿ����� 42,126.9241483,37.48685587,02-883-0458,None,7,4,1292604184
ũ�����Ǿ� ���ο��� ���Ǵ��е���,���� ���Ǳ� �Ÿ��� 1536-11,���� ���Ǳ� �Ÿ���17�� 42,126.9362394,37.46885364,02-877-2999,None,9,3,25116468
ũ�����Ǿ� ���ο��� �Ÿ����𼺴���,���� ���Ǳ� �Ÿ��� 1418-20,���� ���Ǳ� �Ÿ���68�� 43,126.9316971,37.48651089,02-875-1616,None,8,6,18223238
���ÿ����� �Ŵ�濪��,���� ���Ǳ� �Ÿ��� 511-30,���� ���Ǳ� ���μ�ȯ��151�� 54,126.9154269,37.48411089,,None,6,5,26469055
ȭ��Ʈ365 �����뿪��,���� ���Ǳ� ��õ�� 1686-27,���� ���Ǳ� ���μ�ȯ�� 1929-9,126.9638357,37.47767719,,None,7,5,1264254607
ȭ��Ʈ365 �Ÿ���,���� ���Ǳ� �Ÿ��� 1432-50,���� ���Ǳ� �Ÿ���67�� 14,126.9285462,37.48613781,,None,7,4,1476376834
ȭ��Ʈ365 �Ŵ�濪��,���� ���Ǳ� �Ÿ��� 480-2,���� ���Ǳ� ������ 143,126.9181873,37.48573014,,None,3,4,1572970963
���ÿ����� �Ÿ�����,���� ���Ǳ� �Ÿ��� 1433-170,���� ���Ǳ� ��õ��10�� 4,126.9256925,37.48491428,,None,4,6,27563100
ȭ��Ʈ365 ���ǽſ���,���� ���Ǳ� �Ÿ��� 1606-4,���� ���Ǳ� �ſ���3���� 6,126.927627,37.48139074,,None,8,5,956718437
ũ�����Ǿ� ���ο��� ���ǵ帲Ÿ����,���� ���Ǳ� ��õ�� 480-3,���� ���Ǳ� ��õ��25�� 69,126.9484297,37.4889503,02-874-8882,None,8,3,13077267
ũ�����Ǿ� ���ο��� ��õ�߾ӽ�����,���� ���Ǳ� ��õ�� 32-2,���� ���Ǳ� ���Ƿ� 211,126.9541182,37.48371148,02-579-9111,None,8,6,1053531663
���ÿ����� �Ÿ���,���� ���Ǳ� �Ÿ��� 1554-19,���� ���Ǳ� �Ÿ���23�� 65,126.9345626,37.46803101,,None,9,6,1983676483
�����帮 ��õ��,���� ���Ǳ� ��õ�� 877-1,���� ���Ǳ� ���Ƿ�15�� 39,126.950118,37.48031756,,None,6,6,1700150538
ȭ��Ʈ365 ��õ��,���� ���Ǳ� ��õ�� 896-28,���� ���Ǳ� ���μ�ȯ��214�� 40,126.9473053,37.47996314,010-5190-3650,None,4,4,790037010
���ÿ����� ����û����,���� ���Ǳ� ��õ�� 895-15,���� ���Ǳ� û��3�� 1,126.9462826,37.48086369,,None,6,4,953042479
ũ�����Ǿ� ���ο��� ���ʼ������,���� ���ʱ� ���ʵ� 1510-15,���� ���ʱ� �������21�� 27,127.0084577,37.48735556,02-2055-1718,None,5,4,1000167578
ũ�����Ǿ� ���ο��� ���ﱳ����,���� ���ʱ� ���ʵ� 1668-11,���� ���ʱ� ���ʴ��60�� 34,127.0187351,37.49348853,02-577-7871,None,5,5,22167454
ũ�����Ǿ� ���ο��� �����𱸺���,���� ���ʱ� ������ 732-29,���� ���ʱ� �������83�� 64-2,127.0206967,37.50484088,02-549-8259,None,3,4,14586516
ũ�����Ǿ� ���ο��� ����Ǫ�����������,���� ���ʱ� ���ʵ� 1311-7,���� ���ʱ� ����� 207,127.0217544,37.50151778,02-533-3346,None,9,6,296901970
ũ�����Ǿ� ���ο��� �������,���� ���ʱ� ����� 35-33,���� ���ʱ� �Ź�����45�� 32,127.0185451,37.5118943,02-547-8253,None,8,3,23752593
���ÿ����� ����ȿ����,���� ���ʱ� ���ʵ� 1337-6,���� ���ʱ� �������51�� 10,127.0292958,37.49125549,,None,6,4,1891156009
ũ�����Ǿ� ���ο��� ������,���� ���ʱ� ���絿 17-21,���� ���ʱ� �������30�� 28,127.0388539,37.48200118,02-577-0406,None,6,6,14808643
ũ�����Ǿ� ���ο��� ����2����,���� ���ʱ� ���絿 341,���� ���ʱ� �������8�� 70,127.0442589,37.46966626,02-576-0907,None,3,6,13077507
ũ�����Ǿ� ���ο��� �����̵���,���� ���ʱ� ������ 49-11,���� ���ʱ� �����߾ӷ�31�� 14-13,127.010445,37.50065436,02-594-8285,None,5,4,225163507
ũ�����Ǿ� ���ο��� ���Ե�ĳ����,���� ���ʱ� ��赿 457-33,���� ���ʱ� û�ΰ�9�� 22,126.9841262,37.48113433,02-582-5977,None,5,5,21743663
ȭ��Ʈ365 ������,���� ���ʱ� ���絿 361,���� ���ʱ� �������6�� 88,127.0452308,37.46907843,,None,7,3,1298817578
���ÿ����� ���翪��,���� ���ʱ� ���絿 17-42,���� ���ʱ� �������30�� 40,127.0394092,37.48221003,,None,9,4,419698988
ũ�����Ǿ� ���ο��� ���1����,���� ���ʱ� ��赿 937-8,���� ���ʱ� ���ʴ��22�� 17,126.9928585,37.48652321,02-582-2879,None,7,5,2077033142
ũ�����Ǿ� ���ο��� ���ʻ󹮰���,���� ���ʱ� ���ʵ� 1487-132,���� ���ʱ� ���޷� 32,127.0057254,37.48048292,02-525-0433,None,10,4,19706636
ũ�����Ǿ� ���ο��� ����GS������,���� ���ʱ� ���ʵ� 1442-1,���� ���ʱ� �����߾ӷ�2�� 84,127.0211572,37.48539707,02-523-3636,None,9,6,13077513
ũ�����Ǿ� ���ο��� �������ֿ���,���� ������ ������ 193-41,���� ������ �������25�� 13,127.0322837,37.50791251,02-512-4561,None,3,6,1366285398
ũ�����Ǿ� ���ο��� ���￪��,���� ������ ���ﵿ 747,���� ������ �����19�� 14,127.0374489,37.49619431,02-566-8285,None,10,3,19099441
ȭ��Ʈ365 ������,���� ������ ������ 107-43,���� ������ �е���43�� 33,127.0376929,37.5183121,,None,6,4,1599906123
ũ�����Ǿ� ���ο��� ������ַ���,���� ������ ���ﵿ 774-35,���� ������ ���ַ�71�� 17,127.0436735,37.49710039,02-555-0640,None,10,6,17721451
ũ�����Ǿ� ���ο��� ��������,���� ������ ���ﵿ 697-8,���� ������ �������53�� 23,127.0463024,37.50568056,02-567-1990,None,5,3,17722176
���ÿ����� û����,���� ������ û�㵿 13-40,���� ������ ������72�� 33,127.0457243,37.52214574,,None,10,5,1713367241
���ÿ����� ����2ȣ��,���� ������ ���ﵿ 750-26,���� ������ �����11�� 13-4,127.0348746,37.4952112,,None,10,3,27281224
���ÿ����� ��������,���� ������ ���ﵿ 704-3,���� ������ �������43�� 30,127.0442618,37.50515876,,None,6,4,836518526
ȭ��Ʈ365 ��ġ��,���� ������ ��ġ�� 906-12,���� ������ ������76�� 34,127.0533888,37.50206995,,None,6,4,361794277
ũ����24 ����������,���� ������ ���ﵿ 825-24,���� ������ �������84�� 15,127.0298138,37.49699027,02-596-8826,None,7,5,781754195
���ÿ����� ����������,���� ������ ������ 122-24,���� ������ �������128�� 21,127.023933,37.51029495,02-3443-8280,None,3,6,21914011
ũ�����Ǿ� ���ο���365 ����1����,���� ������ ���ﵿ 690-3,���� ������ �������44�� 43,127.0415573,37.50665181,02-6959-5671,None,3,4,27234096
ũ�����Ǿ� ���ο���365 û������,���� ������ û�㵿 5,���� ������ ������ 446,127.0450646,37.523593,,None,10,3,1413718796
���ÿ����� �����Ͽ���,���� ������ �Ͽ��� 627-10,���� ������ �Ͽ���3�� 65,127.0849404,37.49296212,,None,6,3,555573818
�����׸��� ������,���� ������ ���ﵿ 789-6,���� ������ ����� 152,127.0359464,37.49467388,1577-8394,None,5,4,1628725024
ũ�����Ǿ� ���ο��� ���Ĺ���2����,���� ���ı� ���̵� 106-2,���� ���ı� ���ݷ�17�� 20,127.1122848,37.51237579,02-425-6114,None,10,3,21089710
ũ�����Ǿ� ���ο��� ���Ĺ��̽�����,���� ���ı� ���̵� 111-10,���� ���ı� ���ݷ�19�� 17,127.1139662,37.51123891,02-417-0250,None,10,5,17722224
ũ�����Ǿ� ���ο��� ��������ʱ���,���� ���ı� ��ǵ� 238-18,���� ���ı� ������9�� 21,127.0871319,37.50660897,02-420-8353,None,6,5,19209080
ȭ��Ʈ365 ������,���� ���ı� ���̵� 49-4,���� ���ı� ���ݷ�11�� 55-8,127.113683,37.51545948,,None,3,6,1810674886
���ÿ����� ���Ĺ�����,���� ���ı� ���̵� 164-8,���� ���ı� ���ʼ����12�� 14,127.1221029,37.51251381,,None,8,3,243324203
ũ�����Ǿ� ���ο��� ���İ�������,���� ���ı� ������ 19-9,���� ���ı� ���ݷ�36�� 28-1,127.1239133,37.50132325,02-3012-7001,None,7,5,1680211582
ũ�����Ǿ� ���ο��� ������������Ʈ��,���� ���ı� ������ 337-1,���� ���ı� ������ 114,127.1210368,37.48553519,02-2283-1238,None,7,4,87047163
ũ�����Ǿ� ���ο��� ����1����,���� ���ı� ���ĵ� 112-14,���� ���ı� �������з�42�� 15,127.1102611,37.50526697,02-415-9042,None,7,4,25985299
ȭ��Ʈ365 �����,���� ���ı� ��ǵ� 218,���� ���ı� ����ȣ����12�� 43,127.0817956,37.50840398,,None,9,3,1168946692
ũ�����Ǿ� ���ο��� �����ε�����,���� ���ı� ������ 28-17,���� ���ı� ���̷�28�� 20,127.125476,37.4896824,02-409-0832,None,9,5,16059481
ũ�����Ǿ� ���ο��� ��Ǻ�����,���� ���ı� ��ǵ� 312-18,���� ���ı� �������з�12�� 7,127.0810776,37.50545639,02-420-7028,None,8,4,26633919
ȭ��Ʈ365 ������,���� ���ı� ���̵� 163-13,���� ���ı� �������з�39�� 29-5,127.1033878,37.50666884,,None,8,4,1536123162
ũ�����Ǿ� ���ο��� ���Ļ���ȣ����,���� ���ı� ������ 113-8,���� ���ı� �������з�31�� 31,127.0955134,37.50550326,02-421-8842,None,5,3,20458488
�����帮 ���������,���� ���ı� ��ǵ� 339-2,���� ���ı� �������з�20�� 13-8,127.086228,37.50340565,010-8236-8599,None,3,5,1337544148
ũ�����Ǿ� ���ο��� ���ĸ�õ������,���� ���ı� ��õ�� 19-14,���� ���ı� ��õ��33�� 11-14,127.1446483,37.50111768,02-430-1430,None,4,3,20950762
ũ�����Ǿ� ���ο��� ���������׶�ÿ���,���� ������ ������ 187-3,���� ������ ������83�� 52,127.1687457,37.5593444,02-3013-5353,None,10,3,1469918255
ũ�����Ǿ� ���ο��� �������̿���,���� ������ ������ 427-51,���� ������ ǳ����54�� 41,127.1333684,37.52772496,02-488-8285,None,9,3,27304916
ȭ��Ʈ365 ��������,���� ������ õȣ�� 165-6,���� ������ ��Ȳ���� 45-1,127.1321787,37.53821755,,None,4,3,2094419662
ȭ��Ʈ365 �浿��,���� ������ �浿 390-26,���� ������ ��Ȳ����47�� 51,127.1403501,37.53696114,,None,9,5,2028757322
�����׸��� õȣ��,���� ������ õȣ�� 427-4,���� ������ ��õ���24�� 20-31,127.1250104,37.54002645,,None,7,3,770686710
ũ�����Ǿ� ���ο��� ������û��,���� ������ ������ 542-5,���� ������ ������ 73,127.1281145,37.5276623,02-482-6176,None,8,5,13077252
���ÿ����� õȣ��,���� ������ õȣ�� 311-23,���� ������ õ�߷�15�� 48,127.1283561,37.54719211,,None,8,6,468232630
ȭ��Ʈ365 ������,���� ������ ������ 430-18,���� ������ ������89�� 23,127.1341356,37.52658883,,None,6,5,2028727281
���ÿ����� ������,���� ������ ������ 595,���� ������ �ø��ȷ� 572,127.1218187,37.53255239,010-4826-8424,None,6,6,620192562
�����׸��� �浿��,���� ������ �浿 123-2,���� ������ õȣ���199�� 25,127.1478735,37.53775204,,None,10,4,910896000
�����׸��� ������,���� ������ ���ϵ� 292-5,���� ������ õȣ���219�� 36,127.1704434,37.54743799,,None,10,6,2056031861
ȭ��Ʈ365 �ϻ絿��,���� ������ �ϻ絿 475-1,���� ������ �ϻ�� 60-1,127.136227,37.55185046,,None,6,4,1955145580
ȭ��Ʈ365 õȣ��,���� ������ õȣ�� 321-74,���� ������ �ø��ȷ�89�� 27-30,127.1238607,37.54681489,,None,4,6,1615360435
���ÿ����� �����ٸ�����,���� ������ �浿 339-4,���� ������ õ�߷�49�� 32-17,127.1443782,37.54230732,010-2000-8978,None,8,6,1639779013
���ÿ����� �ϻ���,���� ������ �ϻ絿 451-16,���� ������ ������27�� 7,127.1375235,37.55533402,,None,9,5,91292731
